--
-- CREATE TABLE TB_CATEGORIA (
--                               ID INT PRIMARY KEY,
--                               DESCRICAO VARCHAR(255)
-- );
--
-- CREATE TABLE TB_BLOCO (
--                           ID INT PRIMARY KEY,
--                           INICIO TIMESTAMP,
--                           FIM TIMESTAMP
-- );
--
-- CREATE TABLE TB_PARTICIPANTE (
--                                  ID INT PRIMARY KEY,
--                                  NOME VARCHAR(255),
--                                  EMAIL VARCHAR(255)
-- );
--
-- CREATE TABLE TB_ATIVIDADES (
--                                ID INT PRIMARY KEY,
--                                NOME VARCHAR(255),
--                                DESCRICAO VARCHAR(255),
--                                PRECO DECIMAL(10, 2),
--                                BLOCOS_ID INT,
--                                ID_CATEGORIA INT,
--                                FOREIGN KEY (BLOCOS_ID) REFERENCES TB_BLOCO(ID),
--                                FOREIGN KEY (ID_CATEGORIA) REFERENCES TB_CATEGORIA(ID)
-- );
--
-- CREATE TABLE TB_MATRICULA (
--                               ID INT PRIMARY KEY,
--                               ID_ATIVIDADE INT,
--                               ID_BLOCO INT,
--                               ID_PARTICIPANTE INT,
--                               FOREIGN KEY (ID_ATIVIDADE) REFERENCES TB_ATIVIDADES(ID),
--                               FOREIGN KEY (ID_BLOCO) REFERENCES TB_BLOCO(ID),
--                               FOREIGN KEY (ID_PARTICIPANTE) REFERENCES TB_PARTICIPANTE(ID)
-- );


INSERT INTO TB_CATEGORIA(ID, DESCRICAO)
VALUES (1, 'CURSO');

INSERT INTO TB_CATEGORIA(ID, DESCRICAO)
VALUES (2, 'OFICINA');

INSERT INTO TB_BLOCO(ID, INICIO, FIM)
VALUES (1, '2017-09-25 08:00:00', '2017-09-25 11:00:00');

INSERT INTO TB_BLOCO(ID, INICIO, FIM)
VALUES (2, '2017-09-25 14:00:00', '2017-09-25 18:00:00');

INSERT INTO TB_BLOCO(ID, INICIO, FIM)
VALUES (3, '2017-09-26 08:00:00', '2017-09-26 11:00:00');


INSERT INTO TB_PARTICIPANTE(ID, NOME, EMAIL)
VALUES (1, 'JOSÉ SILVA', 'JOSE@GMAIL.COM');

INSERT INTO TB_PARTICIPANTE(ID, NOME, EMAIL)
VALUES (2, 'TIAGO FARIA', 'TIAGO@GMAIL.COM');

INSERT INTO TB_PARTICIPANTE(ID, NOME, EMAIL)
VALUES (3, 'MARIA DO ROSARIO', 'MARIA@GMAIL.COM');

INSERT INTO TB_PARTICIPANTE(ID, NOME, EMAIL)
VALUES (4, 'TERESA DA SILVA', 'TERESA@GMAIL.COM');


INSERT INTO TB_ATIVIDADES(ID, NOME, DESCRICAO, PRECO, BLOCOS_ID, ID_CATEGORIA)
VALUES (1, 'CURSO DE HTML', 'APRENDA HTML DE FORMA PRATICA', 80.00, 1, 1);


INSERT INTO TB_ATIVIDADES(ID, NOME, DESCRICAO, PRECO, BLOCOS_ID, ID_CATEGORIA)
VALUES (2, 'OFICINA DE GITHUB', 'CONTROLE DE VERSOES DE SEUS PROJETOS', 50.00, 2, 2);

INSERT INTO TB_ATIVIDADES(ID, NOME, DESCRICAO, PRECO, BLOCOS_ID, ID_CATEGORIA)
VALUES (3, 'OFICINA DE GITHUB', 'CONTROLE DE VERSOES DE SEUS PROJETOS', 50.00, 3, 2);


INSERT INTO TB_MATRICULA(ID, ID_ATIVIDADE, ID_BLOCO, ID_PARTICIPANTE)
VALUES (1, 1, 1, 1);

INSERT INTO TB_MATRICULA(ID, ID_ATIVIDADE, ID_BLOCO, ID_PARTICIPANTE)
VALUES (2, 1, 1, 2);

INSERT INTO TB_MATRICULA(ID, ID_ATIVIDADE, ID_BLOCO, ID_PARTICIPANTE)
VALUES (3, 2, 2, 3);

INSERT INTO TB_MATRICULA(ID, ID_ATIVIDADE, ID_BLOCO, ID_PARTICIPANTE)
VALUES (4, 2, 3, 4);

